江苏省苏州市张家港市杨舍镇苏闽(张家港)新型金属材料科技有限公司;苏闽(张家港)新型金属材料科技有限公司
江苏省苏州市张家港市杨舍镇苏闽(张家港)新型金属材料科技有限公司;苏闽(张家港)新型金属材料科技有限公司
江苏省苏州市张家港市杨舍镇338省道;苏闽(张家港)新型金属材料科技有限公司
江苏省苏州市张家港市杨舍镇338省道;苏闽(张家港)新型金属材料科技有限公司
江苏省苏州市张家港市杨舍镇张家港市潜力运动休闲用品有限公司;张家港市潜力运动休闲用品有限公司
江苏省苏州市张家港市杨舍镇张家港市潜力运动休闲用品有限公司;张家港市潜力运动休闲用品有限公司
江苏省苏州市张家港市杨舍镇338省道;张家港市潜力运动休闲用品有限公司
江苏省苏州市张家港市杨舍镇338省道;张家港市潜力运动休闲用品有限公司
江苏省苏州市张家港市杨舍镇西二环路;张家港市港源电力建设有限公司(西二环路)
江苏省苏州市张家港市杨舍镇张家港市港源电力建设有限公司(西二环路);张家港市港源电力建设有限公司(西二环路)
江苏省苏州市张家港市杨舍镇振兴路19号;张家港市龙杰特种化纤有限公司
江苏省苏州市张家港市杨舍镇振兴路19号;张家港市龙杰特种化纤有限公司
江苏省苏州市张家港市杨舍镇振兴路66号;张家港市龙杰特种化纤有限公司
江苏省苏州市张家港市杨舍镇振兴路66号;阿乐斯绝热材料(苏州)有限公司;张家港市龙杰特种化纤有限公司;张家港江联精机有限公司
江苏省苏州市张家港市杨舍镇中兴路183号;骏鑫实业;泰林汽车配件(张家港)有限公司;张家港江联精机有限公司
江苏省苏州市张家港市杨舍镇中兴路68号;泰林汽车配件(张家港)有限公司;骏鑫实业;张家港江联精机有限公司
江苏省苏州市张家港市杨舍镇中兴路70号;骏鑫实业;泰林汽车配件(张家港)有限公司;张家港江联精机有限公司
江苏省苏州市张家港市杨舍镇阿乐斯绝热材料(苏州)有限公司;阿乐斯绝热材料(苏州)有限公司;张家港江联精机有限公司
江苏省苏州市张家港市杨舍镇振兴路62号;阿乐斯绝热材料(苏州)有限公司;美利肯纺织(张家港)有限公司
江苏省苏州市张家港市杨舍镇振兴路36号;阿乐斯绝热材料(苏州)有限公司;美利肯纺织(张家港)有限公司
江苏省苏州市张家港市杨舍镇振兴路62号;阿乐斯绝热材料(苏州)有限公司;张家港市苏韵时装有限公司;张家港江联精机有限公司
江苏省苏州市张家港市杨舍镇振兴路62号;阿乐斯绝热材料(苏州)有限公司;张家港江联精机有限公司;张家港市苏韵时装有限公司;骏鑫实业
江苏省苏州市张家港市杨舍镇中兴路179号;张家港江联精机有限公司;阿乐斯绝热材料(苏州)有限公司;骏鑫实业
江苏省苏州市张家港市杨舍镇中兴路183号;张家港江联精机有限公司;阿乐斯绝热材料(苏州)有限公司;骏鑫实业;泰林汽车配件(张家港)有限公司
江苏省苏州市张家港市杨舍镇中兴路175号;张家港江联精机有限公司;骏鑫实业;阿乐斯绝热材料(苏州)有限公司;张家港市苏韵时装有限公司;泰林汽车配件(张家港)有限公司
江苏省苏州市张家港市杨舍镇国泰北路11-15号;张家港市苏韵时装有限公司;张家港江联精机有限公司;阿乐斯绝热材料(苏州)有限公司
江苏省苏州市张家港市杨舍镇国泰北路11-15号;张家港市苏韵时装有限公司;瑞进汽车配件(张家港)有限公司;阿乐斯绝热材料(苏州)有限公司;张家港江联精机有限公司
江苏省苏州市张家港市杨舍镇国泰北路11-15号陈东庄小区;张家港市苏韵时装有限公司;瑞进汽车配件(张家港)有限公司;阿乐斯绝热材料(苏州)有限公司
江苏省苏州市张家港市杨舍镇国泰北路15号陈东庄小区;张家港市苏韵时装有限公司;瑞进汽车配件(张家港)有限公司;张家港中天精密模塑有限公司
江苏省苏州市张家港市杨舍镇国泰北路15号陈东庄小区;张家港市苏韵时装有限公司;瑞进汽车配件(张家港)有限公司;张家港江联精机有限公司
江苏省苏州市张家港市杨舍镇国泰北路11-15号;张家港市苏韵时装有限公司;瑞进汽车配件(张家港)有限公司;张家港江联精机有限公司
江苏省苏州市张家港市杨舍镇中兴路78号;张家港市苏韵时装有限公司;张家港江联精机有限公司;瑞进汽车配件(张家港)有限公司
江苏省苏州市张家港市杨舍镇中兴路76号;张家港市苏韵时装有限公司;张家港江联精机有限公司;骏鑫实业;瑞进汽车配件(张家港)有限公司
江苏省苏州市张家港市杨舍镇中兴路74号;张家港江联精机有限公司;张家港市苏韵时装有限公司;骏鑫实业;泰林汽车配件(张家港)有限公司
江苏省苏州市张家港市杨舍镇中兴路175号;张家港江联精机有限公司;骏鑫实业;泰林汽车配件(张家港)有限公司;张家港市苏韵时装有限公司
江苏省苏州市张家港市杨舍镇中兴路78号;张家港市苏韵时装有限公司;瑞进汽车配件(张家港)有限公司;大黄汽车配件(张家港)有限公司;张家港江联精机有限公司
江苏省苏州市张家港市杨舍镇中兴路78号;张家港市苏韵时装有限公司;瑞进汽车配件(张家港)有限公司;大黄汽车配件(张家港)有限公司
江苏省苏州市张家港市杨舍镇中兴路40号;张家港市苏韵时装有限公司;骏鑫实业;张家港江联精机有限公司;泰林汽车配件(张家港)有限公司;瑞进汽车配件(张家港)有限公司
江苏省苏州市张家港市杨舍镇中兴路64号;骏鑫实业;泰林汽车配件(张家港)有限公司;张家港江联精机有限公司;苏州金麦穗食品有限公司
江苏省苏州市张家港市杨舍镇国泰北路21号;大黄汽车配件(张家港)有限公司;东熙汽车配件(张家港)有限公司;江苏南阳汽车配件有限公司(长兴路);卓越工艺品;苏州金麦穗食品有限公司;瑞进汽车配件(张家港)有限公司
江苏省苏州市张家港市杨舍镇长兴路46号;卓越工艺品;大黄汽车配件(张家港)有限公司;苏州金麦穗食品有限公司;东熙汽车配件(张家港)有限公司;江苏南阳汽车配件有限公司(长兴路);瑞进汽车配件(张家港)有限公司
江苏省苏州市张家港市杨舍镇长兴路29号;苏州金麦穗食品有限公司;卓越工艺品;大黄汽车配件(张家港)有限公司;东熙汽车配件(张家港)有限公司;苏州金鸿顺汽车部件股份有限公司
江苏省苏州市张家港市杨舍镇长兴路33号;苏州金麦穗食品有限公司;卓越工艺品;苏州金鸿顺汽车部件股份有限公司;大黄汽车配件(张家港)有限公司
江苏省苏州市张家港市杨舍镇苏州金麦穗食品有限公司;苏州金麦穗食品有限公司;苏州金鸿顺汽车部件股份有限公司;卓越工艺品
江苏省苏州市张家港市杨舍镇长兴路31号;苏州金鸿顺汽车部件股份有限公司;苏州金麦穗食品有限公司;卓越工艺品
江苏省苏州市张家港市杨舍镇长兴路35号;苏州金鸿顺汽车部件股份有限公司;苏州金麦穗食品有限公司
江苏省苏州市张家港市杨舍镇长兴路30号;苏州金鸿顺汽车部件股份有限公司
江苏省苏州市张家港市杨舍镇苏州金鸿顺汽车部件股份有限公司;苏州金鸿顺汽车部件股份有限公司;苏州金麦穗食品有限公司;苏州金鸿顺汽车部件有限公司(北二环路)
江苏省苏州市张家港市杨舍镇长兴路40号;苏州金鸿顺汽车部件股份有限公司;苏州金麦穗食品有限公司;卓越工艺品;东熙汽车配件(张家港)有限公司
江苏省苏州市张家港市杨舍镇国泰北路23号;东熙汽车配件(张家港)有限公司;江苏南阳汽车配件有限公司(长兴路);卓越工艺品;大黄汽车配件(张家港)有限公司
江苏省苏州市张家港市杨舍镇国泰北路;东熙汽车配件(张家港)有限公司;江苏南阳汽车配件有限公司(长兴路);卓越工艺品
江苏省苏州市张家港市杨舍镇国泰北路;东熙汽车配件(张家港)有限公司;卓越工艺品;亿嘉工具(张家港)有限公司
江苏省苏州市张家港市杨舍镇国泰北路29号;亿嘉工具(张家港)有限公司
江苏省苏州市张家港市杨舍镇国泰北路29号;亿嘉工具(张家港)有限公司;苏州金鸿顺汽车部件有限公司(北二环路)
江苏省苏州市张家港市杨舍镇北二环路;亿嘉工具(张家港)有限公司;苏州金鸿顺汽车部件有限公司(北二环路)
江苏省苏州市张家港市杨舍镇北二环路;亿嘉工具(张家港)有限公司;苏州金鸿顺汽车部件有限公司(北二环路)
江苏省苏州市张家港市杨舍镇金鹰纺织;金鹰纺织;苏州金鸿顺汽车部件有限公司(北二环路)
江苏省苏州市张家港市杨舍镇金鹰纺织;金鹰纺织;苏州金鸿顺汽车部件有限公司(北二环路);张家港市亨利模塑制品有限公司
江苏省苏州市张家港市杨舍镇金鹰纺织;金鹰纺织;苏州金鸿顺汽车部件有限公司(北二环路);张家港市亨利模塑制品有限公司
江苏省苏州市张家港市杨舍镇北二环路;金鹰纺织;苏州金鸿顺汽车部件有限公司(北二环路)
江苏省苏州市张家港市杨舍镇北二环路;苏州金鸿顺汽车部件有限公司(北二环路);金鹰纺织;亿嘉工具(张家港)有限公司;张家港市亨利模塑制品有限公司
江苏省苏州市张家港市杨舍镇北二环路;亿嘉工具(张家港)有限公司;苏州金鸿顺汽车部件有限公司(北二环路);张家港市亨利模塑制品有限公司;金鹰纺织;华冶钢结构
江苏省苏州市张家港市杨舍镇亿嘉工具(张家港)有限公司;亿嘉工具(张家港)有限公司;苏州金鸿顺汽车部件有限公司(北二环路);张家港市亨利模塑制品有限公司;华冶钢结构
江苏省苏州市张家港市杨舍镇亿嘉工具(张家港)有限公司;亿嘉工具(张家港)有限公司;苏州金鸿顺汽车部件有限公司(北二环路);华冶钢结构;张家港市亨利模塑制品有限公司
江苏省苏州市张家港市杨舍镇国泰北路28号;江苏长隆石化装备有限公司
江苏省苏州市张家港市杨舍镇江苏长隆石化装备有限公司;江苏长隆石化装备有限公司;苏州国华汽配制造
江苏省苏州市张家港市杨舍镇国泰北路;江苏南阳汽车配件有限公司(长兴路);东熙汽车配件(张家港)有限公司;张家港亚太生活用品有限公司
江苏省苏州市张家港市杨舍镇国泰北路;江苏南阳汽车配件有限公司(长兴路);东熙汽车配件(张家港)有限公司;大黄汽车配件(张家港)有限公司
江苏省苏州市张家港市杨舍镇长兴路54号;江苏南阳汽车配件有限公司(长兴路);东熙汽车配件(张家港)有限公司;大黄汽车配件(张家港)有限公司;张家港亚太生活用品有限公司
江苏省苏州市张家港市杨舍镇长兴路54号;江苏南阳汽车配件有限公司(长兴路);东熙汽车配件(张家港)有限公司;大黄汽车配件(张家港)有限公司;奥斯汀新材料(张家港)有限公司
江苏省苏州市张家港市杨舍镇悦丰路12号;张家港亚太生活用品有限公司;江苏南阳汽车配件有限公司(长兴路);江苏兴安建设集团
江苏省苏州市张家港市杨舍镇悦丰路12号;张家港亚太生活用品有限公司;江苏兴安建设集团;江苏兴港建设集团有限公司第三分公司
江苏省苏州市张家港市杨舍镇悦丰路14号;张家港亚太生活用品有限公司;江苏兴安建设集团
江苏省苏州市张家港市杨舍镇悦丰路14号;张家港亚太生活用品有限公司;江苏南阳汽车配件有限公司(长兴路);江苏兴安建设集团
江苏省苏州市张家港市杨舍镇长兴路58号;江苏南阳汽车配件有限公司(长兴路);张家港亚太生活用品有限公司;江苏兴安建设集团;奥斯汀新材料(张家港)有限公司
江苏省苏州市张家港市杨舍镇长兴路58号;江苏南阳汽车配件有限公司(长兴路);奥斯汀新材料(张家港)有限公司;张家港亚太生活用品有限公司;江苏兴安建设集团
江苏省苏州市张家港市杨舍镇长兴路25号;江苏南阳汽车配件有限公司(长兴路);大黄汽车配件(张家港)有限公司;东熙汽车配件(张家港)有限公司;瑞进汽车配件(张家港)有限公司;奥斯汀新材料(张家港)有限公司
江苏省苏州市张家港市杨舍镇长兴路56号;江苏南阳汽车配件有限公司(长兴路);奥斯汀新材料(张家港)有限公司;云绅工业;大黄汽车配件(张家港)有限公司
江苏省苏州市张家港市杨舍镇悦丰路17号;奥斯汀新材料(张家港)有限公司;云绅工业;江苏南阳汽车配件有限公司(长兴路)
江苏省苏州市张家港市杨舍镇长兴路25号;江苏南阳汽车配件有限公司(长兴路);奥斯汀新材料(张家港)有限公司;云绅工业;大黄汽车配件(张家港)有限公司;瑞进汽车配件(张家港)有限公司;张家港中天精密模塑有限公司
江苏省苏州市张家港市杨舍镇长兴路25号E;奥斯汀新材料(张家港)有限公司;云绅工业;江苏南阳汽车配件有限公司(长兴路);张家港中天精密模塑有限公司;瑞进汽车配件(张家港)有限公司;大黄汽车配件(张家港)有限公司
江苏省苏州市张家港市杨舍镇悦丰路15号;云绅工业;奥斯汀新材料(张家港)有限公司;张家港亚韵服装有限公司;张家港中天精密模塑有限公司
江苏省苏州市张家港市杨舍镇长兴路25号E;云绅工业;奥斯汀新材料(张家港)有限公司;张家港中天精密模塑有限公司;瑞进汽车配件(张家港)有限公司;江苏南阳汽车配件有限公司(长兴路);张家港亚韵服装有限公司;大黄汽车配件(张家港)有限公司
江苏省苏州市张家港市杨舍镇长兴路25号E;张家港中天精密模塑有限公司;云绅工业;瑞进汽车配件(张家港)有限公司;奥斯汀新材料(张家港)有限公司;张家港亚韵服装有限公司
江苏省苏州市张家港市杨舍镇悦丰路30号;云绅工业;张家港亚韵服装有限公司;奥斯汀新材料(张家港)有限公司;张家港中天精密模塑有限公司
江苏省苏州市张家港市杨舍镇长兴路25号E;瑞进汽车配件(张家港)有限公司;张家港中天精密模塑有限公司;张家港市苏韵时装有限公司;大黄汽车配件(张家港)有限公司;江苏南阳汽车配件有限公司(长兴路);云绅工业
江苏省苏州市张家港市杨舍镇中兴路84号;瑞进汽车配件(张家港)有限公司;张家港中天精密模塑有限公司;张家港市苏韵时装有限公司;大黄汽车配件(张家港)有限公司
江苏省苏州市张家港市杨舍镇中兴路90号;张家港亚韵服装有限公司;张家港中天精密模塑有限公司;云绅工业;奥斯汀新材料(张家港)有限公司;瑞进汽车配件(张家港)有限公司
江苏省苏州市张家港市杨舍镇中兴路92号;张家港亚韵服装有限公司;云绅工业;张家港中天精密模塑有限公司;奥斯汀新材料(张家港)有限公司;伟泰针织
江苏省苏州市张家港市杨舍镇国泰北路;张家港中天精密模塑有限公司;瑞进汽车配件(张家港)有限公司;张家港市苏韵时装有限公司
江苏省苏州市张家港市杨舍镇中兴路21号;张家港中天精密模塑有限公司;张家港亚韵服装有限公司;张家港乐达汽车电器有限公司(振兴路)
江苏省苏州市张家港市杨舍镇振兴路58号;远程化纤有限公司;张家港乐达汽车电器有限公司(振兴路);美利肯纺织(张家港)有限公司
江苏省苏州市张家港市杨舍镇振兴路58号;张家港乐达汽车电器有限公司(振兴路);远程化纤有限公司;金盾安防;张家港海天网业有限公司
江苏省苏州市张家港市杨舍镇悦丰路11号;张家港亚韵服装有限公司;张家港中天精密模塑有限公司;张家港乐达汽车电器有限公司(振兴路)
江苏省苏州市张家港市杨舍镇悦丰路7号;张家港乐达汽车电器有限公司(振兴路);金盾安防;远程化纤有限公司;张家港海天网业有限公司
江苏省苏州市张家港市杨舍镇悦丰路9号;张家港乐达汽车电器有限公司(振兴路);金盾安防;张家港亚韵服装有限公司;远程化纤有限公司;张家港中天精密模塑有限公司
江苏省苏州市张家港市张家港经济技术开发区振兴路36号;阿乐斯绝热材料(苏州)有限公司;美利肯纺织(张家港)有限公司
江苏省苏州市张家港市张家港经济技术开发区振兴路17号;美利肯纺织(张家港)有限公司;阿乐斯绝热材料(苏州)有限公司
江苏省苏州市张家港市张家港经济技术开发区振兴路17号;美利肯纺织(张家港)有限公司;阿乐斯绝热材料(苏州)有限公司
江苏省苏州市张家港市张家港经济技术开发区美利肯纺织(张家港)有限公司;美利肯纺织(张家港)有限公司
江苏省苏州市张家港市张家港经济技术开发区国泰北路1号
江苏省苏州市张家港市张家港经济技术开发区338省道
江苏省苏州市张家港市杨舍镇国泰北路;美利肯纺织(张家港)有限公司;远程化纤有限公司
江苏省苏州市张家港市杨舍镇远程化纤有限公司;远程化纤有限公司;美利肯纺织(张家港)有限公司;张家港乐达汽车电器有限公司(振兴路);张家港海天网业有限公司
江苏省苏州市张家港市杨舍镇悦丰路3号;远程化纤有限公司;张家港海天网业有限公司;康维明工程薄膜(张家港)有限公司;张家港乐达汽车电器有限公司(振兴路);美利肯纺织(张家港)有限公司
江苏省苏州市张家港市杨舍镇悦丰路3号;张家港海天网业有限公司;康维明工程薄膜(张家港)有限公司;张家港乐达汽车电器有限公司(振兴路);远程化纤有限公司;金盾安防
江苏省苏州市张家港市杨舍镇悦丰路3号;康维明工程薄膜(张家港)有限公司;张家港海天网业有限公司;远程化纤有限公司;张家港乐达汽车电器有限公司(振兴路)
江苏省苏州市张家港市杨舍镇悦丰路1-1号;康维明工程薄膜(张家港)有限公司;张家港海天网业有限公司;远程化纤有限公司
江苏省苏州市张家港市杨舍镇国泰北路6号;张家港华丰重型设备制造有限公司;康维明工程薄膜(张家港)有限公司
江苏省苏州市张家港市杨舍镇国泰北路4号;张家港华丰重型设备制造有限公司
江苏省苏州市张家港市杨舍镇国泰北路6号;张家港华丰重型设备制造有限公司;康维明工程薄膜(张家港)有限公司
江苏省苏州市张家港市杨舍镇国泰北路6号;张家港华丰重型设备制造有限公司;康维明工程薄膜(张家港)有限公司
江苏省苏州市张家港市杨舍镇国泰北路6号;张家港华丰重型设备制造有限公司;康维明工程薄膜(张家港)有限公司
江苏省苏州市张家港市杨舍镇国泰北路8号;康维明工程薄膜(张家港)有限公司;张家港金利织带有限公司
江苏省苏州市张家港市杨舍镇张家港金利织带有限公司;张家港金利织带有限公司;康维明工程薄膜(张家港)有限公司
江苏省苏州市张家港市杨舍镇悦丰路3号;康维明工程薄膜(张家港)有限公司;张家港海天网业有限公司;金盾安防;张家港乐达汽车电器有限公司(振兴路)
江苏省苏州市张家港市杨舍镇振兴路11号;张家港海天网业有限公司;金盾安防;张家港乐达汽车电器有限公司(振兴路);康维明工程薄膜(张家港)有限公司;远程化纤有限公司
江苏省苏州市张家港市杨舍镇振兴路3号b栋;金盾安防;康维明工程薄膜(张家港)有限公司;张家港海天网业有限公司
江苏省苏州市张家港市杨舍镇振兴路3号b栋
江苏省苏州市张家港市杨舍镇悦丰路11号;张家港亚韵服装有限公司;伟泰针织;金盾安防;张家港中天精密模塑有限公司;张家港乐达汽车电器有限公司(振兴路)
江苏省苏州市张家港市杨舍镇中兴路17号;张家港亚韵服装有限公司;伟泰针织;金盾安防;云绅工业;张家港中天精密模塑有限公司
江苏省苏州市张家港市杨舍镇振兴路28号;伟泰针织;张家港亚韵服装有限公司;金盾安防
江苏省苏州市张家港市杨舍镇中兴路17号;伟泰针织;张家港亚韵服装有限公司;港益织带
江苏省苏州市张家港市杨舍镇中兴路15号;伟泰针织;港益织带;张家港亚韵服装有限公司
江苏省苏州市张家港市杨舍镇中兴路11号;伟泰针织;港益织带;海狮不锈钢
江苏省苏州市张家港市杨舍镇中兴路11号;港益织带;伟泰针织;海狮不锈钢
江苏省苏州市张家港市杨舍镇中兴路94号;张家港亚韵服装有限公司;伟泰针织;云绅工业;张家港中天精密模塑有限公司;奥斯汀新材料(张家港)有限公司
江苏省苏州市张家港市杨舍镇中兴路98号;伟泰针织;张家港亚韵服装有限公司;港益织带;云绅工业
江苏省苏州市张家港市杨舍镇中兴路28号;伟泰针织;港益织带;张家港亚韵服装有限公司
江苏省苏州市张家港市杨舍镇中兴路28号;伟泰针织;港益织带
江苏省苏州市张家港市杨舍镇中兴路26号;港益织带;伟泰针织;海狮不锈钢
江苏省苏州市张家港市杨舍镇中兴路26号;港益织带;伟泰针织;海狮不锈钢
江苏省苏州市张家港市杨舍镇悦丰路26号;奥斯汀新材料(张家港)有限公司;云绅工业;张家港亚韵服装有限公司
江苏省苏州市张家港市杨舍镇长兴路21号;伟泰针织;奥斯汀新材料(张家港)有限公司
江苏省苏州市张家港市杨舍镇长兴路21号;江苏兴安建设集团;奥斯汀新材料(张家港)有限公司;张家港市浩然纺织有限公司
江苏省苏州市张家港市杨舍镇长兴路19-2号;港益织带
江苏省苏州市张家港市杨舍镇长兴路19-7号;港益织带;伟泰针织
江苏省苏州市张家港市杨舍镇长兴路19-3号田垛里第四业工业小区;港益织带
江苏省苏州市张家港市杨舍镇长兴路19-3号;港益织带
江苏省苏州市张家港市杨舍镇长兴路19-1号
江苏省苏州市张家港市杨舍镇悦丰路18号;江苏兴安建设集团;张家港亚太生活用品有限公司;奥斯汀新材料(张家港)有限公司;张家港市浩然纺织有限公司
江苏省苏州市张家港市杨舍镇长兴路24号;江苏兴安建设集团;张家港亚太生活用品有限公司;张家港市浩然纺织有限公司;奥斯汀新材料(张家港)有限公司
江苏省苏州市张家港市杨舍镇悦丰路12号;江苏兴安建设集团;张家港亚太生活用品有限公司;张家港市浩然纺织有限公司;江苏兴港建设集团有限公司第三分公司
江苏省苏州市张家港市杨舍镇悦丰路12号;江苏兴安建设集团;张家港亚太生活用品有限公司;张家港市浩然纺织有限公司;江苏兴港建设集团有限公司第三分公司
江苏省苏州市张家港市杨舍镇江苏兴安建设集团;江苏兴安建设集团;张家港亚太生活用品有限公司;张家港市浩然纺织有限公司;慧氏纺织;江苏兴港建设集团有限公司第三分公司
江苏省苏州市张家港市杨舍镇张家港市浩然纺织有限公司;江苏兴安建设集团;张家港市浩然纺织有限公司;慧氏纺织;张家港亚太生活用品有限公司
江苏省苏州市张家港市杨舍镇北二环路164号;慧氏纺织
江苏省苏州市张家港市杨舍镇北二环路164号;德丰集团
江苏省苏州市张家港市杨舍镇德丰集团;德丰集团;张家港市鑫鑫冲压件有限公司
江苏省苏州市张家港市杨舍镇港城大道;德丰集团;张家港贝尔机械有限公司;张家港市鑫鑫冲压件有限公司
江苏省苏州市张家港市杨舍镇慧氏纺织;慧氏纺织;国泰华丰纺织;张家港市浩然纺织有限公司
江苏省苏州市张家港市杨舍镇慧氏纺织;慧氏纺织;国泰华丰纺织;张家港市浩然纺织有限公司
江苏省苏州市张家港市杨舍镇国泰华丰纺织;国泰华丰纺织;慧氏纺织
江苏省苏州市张家港市杨舍镇长兴路76号;国泰华丰纺织;张家港市浩然纺织有限公司;慧氏纺织
江苏省苏州市张家港市杨舍镇田垛里第四业工业小区;中国易华制造三厂
江苏省苏州市张家港市杨舍镇田垛里第四业工业小区
江苏省苏州市张家港市杨舍镇田垛里第四业工业小区;港益织带;海狮不锈钢
江苏省苏州市张家港市杨舍镇田垛里第四业工业小区;港益织带;海狮不锈钢
江苏省苏州市张家港市杨舍镇田垛里第四业工业小区;港益织带;海狮不锈钢
江苏省苏州市张家港市杨舍镇田垛里第四业工业小区;海狮不锈钢;港益织带
江苏省苏州市张家港市杨舍镇田垛里第四业工业小区;港益织带;海狮不锈钢
江苏省苏州市张家港市杨舍镇田垛里第四业工业小区;海狮不锈钢;港益织带
江苏省苏州市张家港市杨舍镇田垛里第四业工业小区;海狮不锈钢;港益织带;同心纺织
江苏省苏州市张家港市杨舍镇海狮不锈钢;海狮不锈钢;港益织带
江苏省苏州市张家港市杨舍镇海狮不锈钢;海狮不锈钢;同心纺织;港益织带
江苏省苏州市张家港市杨舍镇中兴路9号;海狮不锈钢;港益织带
江苏省苏州市张家港市杨舍镇海狮不锈钢;海狮不锈钢;港益织带
江苏省苏州市张家港市杨舍镇海狮不锈钢;海狮不锈钢;同心纺织;港益织带
江苏省苏州市张家港市杨舍镇振兴路50号;海狮不锈钢
江苏省苏州市张家港市杨舍镇振兴路50号;海狮不锈钢
江苏省苏州市张家港市杨舍镇振兴路24号;海狮不锈钢
江苏省苏州市张家港市杨舍镇338省道;张家港金利织带有限公司;海陆锅炉
江苏省苏州市张家港市杨舍镇高新张铜股份有限公司;不二制油(张家港)有限公司;高新张铜股份有限公司;张家港市常股工程机械有限公司
江苏省苏州市张家港市杨舍镇不二制油(张家港)有限公司;不二制油(张家港)有限公司;高新张铜股份有限公司;张家港市常股工程机械有限公司
江苏省苏州市张家港市杨舍镇不二制油(张家港)有限公司;不二制油(张家港)有限公司;高新张铜股份有限公司
江苏省苏州市张家港市杨舍镇不二制油(张家港)有限公司;不二制油(张家港)有限公司;张家港市常股工程机械有限公司
江苏省苏州市张家港市杨舍镇不二制油(张家港)有限公司;不二制油(张家港)有限公司;高新张铜股份有限公司
江苏省苏州市张家港市杨舍镇不二制油(张家港)有限公司;不二制油(张家港)有限公司
江苏省苏州市张家港市杨舍镇不二制油(张家港)有限公司;不二制油(张家港)有限公司;福源纺织有限公司;长乐针织服饰有限公司
江苏省苏州市张家港市杨舍镇不二制油(张家港)有限公司;不二制油(张家港)有限公司;福源纺织有限公司;长乐针织服饰有限公司
江苏省苏州市张家港市杨舍镇振兴路9号;长乐针织服饰有限公司;博尔泰贸易有限公司
江苏省苏州市张家港市杨舍镇振兴路9号;长乐针织服饰有限公司;不二制油(张家港)有限公司;福源纺织有限公司
江苏省苏州市张家港市杨舍镇不二制油(张家港)有限公司;不二制油(张家港)有限公司;长乐针织服饰有限公司;福源纺织有限公司
江苏省苏州市张家港市杨舍镇长乐针织服饰有限公司;长乐针织服饰有限公司;福源纺织有限公司;不二制油(张家港)有限公司;华峰电接插元件有限公司(新城路)
江苏省苏州市张家港市杨舍镇振兴路7号;不二制油(张家港)有限公司;福源纺织有限公司;长乐针织服饰有限公司;华峰电接插元件有限公司(新城路);江苏优成控股集团有限公司
江苏省苏州市张家港市杨舍镇振兴路16号;福源纺织有限公司;长乐针织服饰有限公司;华峰电接插元件有限公司(新城路);不二制油(张家港)有限公司;江苏优成控股集团有限公司;张家港市德亿洲过滤器材有限公司
江苏省苏州市张家港市杨舍镇不二制油(张家港)有限公司;不二制油(张家港)有限公司;高新张铜股份有限公司;中国易华(复兴路)
江苏省苏州市张家港市杨舍镇复兴路168号;中国易华(复兴路);高新张铜股份有限公司;不二制油(张家港)有限公司;江苏华机环保新能源科技有限公司
江苏省苏州市张家港市杨舍镇江苏华机环保新能源科技有限公司;江苏华机环保新能源科技有限公司;中国易华(复兴路)
江苏省苏州市张家港市杨舍镇振兴路8号;华机物流服务中心;张家港斯特尔涂装设备有限公司;龙诚车业(张家港)有限公司;江苏华机环保新能源科技有限公司
江苏省苏州市张家港市杨舍镇振兴路8号;华机物流服务中心;张家港斯特尔涂装设备有限公司;龙诚车业(张家港)有限公司;新中环保(振兴路)
江苏省苏州市张家港市杨舍镇振兴路8号;华机物流服务中心;张家港斯特尔涂装设备有限公司;龙诚车业(张家港)有限公司;新中环保(振兴路)
江苏省苏州市张家港市杨舍镇华机物流服务中心;华机物流服务中心;张家港斯特尔涂装设备有限公司;新中环保(振兴路);龙诚车业(张家港)有限公司;张家港孚冈汽车部件有限公司
江苏省苏州市张家港市杨舍镇江苏华机环保新能源科技有限公司;华机物流服务中心;中国易华(复兴路);江苏华机环保新能源科技有限公司
江苏省苏州市张家港市杨舍镇振兴路7号;中国易华(复兴路);不二制油(张家港)有限公司;江苏优成控股集团有限公司;江苏华机环保新能源科技有限公司
江苏省苏州市张家港市杨舍镇华机物流服务中心;华机物流服务中心;张家港斯特尔涂装设备有限公司;新中环保(振兴路);江苏优成控股集团有限公司
江苏省苏州市张家港市杨舍镇振兴路7号;华机物流服务中心;江苏优成控股集团有限公司;不二制油(张家港)有限公司;新中环保(振兴路);张家港斯特尔涂装设备有限公司
江苏省苏州市张家港市杨舍镇振兴路7号;不二制油(张家港)有限公司;江苏优成控股集团有限公司;新中环保(振兴路)
江苏省苏州市张家港市杨舍镇不二制油(张家港)有限公司;不二制油(张家港)有限公司;江苏优成控股集团有限公司
江苏省苏州市张家港市杨舍镇振兴路7号;不二制油(张家港)有限公司;江苏优成控股集团有限公司;华峰电接插元件有限公司(新城路);福源纺织有限公司
江苏省苏州市张家港市杨舍镇振兴路26号;同心纺织;长乐针织服饰有限公司;福源纺织有限公司;大平金属制品
江苏省苏州市张家港市杨舍镇振兴路46号;长乐针织服饰有限公司;同心纺织;福源纺织有限公司;大平金属制品;华峰电接插元件有限公司(新城路)
江苏省苏州市张家港市杨舍镇振兴路18号;长乐针织服饰有限公司;同心纺织;福源纺织有限公司;华峰电接插元件有限公司(新城路);大平金属制品;张家港市易华塑料有限公司
江苏省苏州市张家港市杨舍镇振兴路16号;华峰电接插元件有限公司(新城路);福源纺织有限公司;长乐针织服饰有限公司;张家港市易华塑料有限公司;张家港市德亿洲过滤器材有限公司;同心纺织;江苏优成控股集团有限公司;大平金属制品
江苏省苏州市张家港市杨舍镇田垛里第二工业小区;同心纺织;大平金属制品;海狮不锈钢;长乐针织服饰有限公司
江苏省苏州市张家港市杨舍镇同心纺织田垛里第二工业小区;同心纺织;大平金属制品;张家港市易华塑料有限公司;长乐针织服饰有限公司
江苏省苏州市张家港市杨舍镇同心纺织田垛里第二工业小区;同心纺织;大平金属制品;长乐针织服饰有限公司;张家港市易华塑料有限公司;福源纺织有限公司
江苏省苏州市张家港市杨舍镇中兴路7号;同心纺织;大平金属制品;张家港市易华塑料有限公司;长乐针织服饰有限公司;华峰电接插元件有限公司(新城路);福源纺织有限公司
江苏省苏州市张家港市杨舍镇振兴路16号;张家港市易华塑料有限公司;同心纺织;大平金属制品;华峰电接插元件有限公司(新城路);长乐针织服饰有限公司;福源纺织有限公司;张家港市德亿洲过滤器材有限公司
江苏省苏州市张家港市杨舍镇中兴路18号;张家港市易华塑料有限公司;大平金属制品;同心纺织;张家港市德亿洲过滤器材有限公司;华峰电接插元件有限公司(新城路);江苏怡成屏障科技有限公司;福源纺织有限公司
江苏省苏州市张家港市杨舍镇中房路5号;江苏怡成屏障科技有限公司;张家港市德亿洲过滤器材有限公司;张家港市易华塑料有限公司;国锋纺织;张家港新宇纺织印染有限公司;张家港孚冈汽车部件有限公司;海力电路板公司;华峰电接插元件有限公司(新城路);江苏优成控股集团有限公司;新中环保(振兴路)
江苏省苏州市张家港市杨舍镇国锋纺织;张家港市德亿洲过滤器材有限公司;国锋纺织;华峰电接插元件有限公司(新城路);张家港孚冈汽车部件有限公司;江苏优成控股集团有限公司;张家港市易华塑料有限公司;新中环保(振兴路);江苏怡成屏障科技有限公司;张家港新宇纺织印染有限公司;海力电路板公司;福源纺织有限公司
江苏省苏州市张家港市杨舍镇振兴路38号;张家港孚冈汽车部件有限公司;新中环保(振兴路);张家港斯特尔涂装设备有限公司;华机物流服务中心;国锋纺织;海力电路板公司;江苏优成控股集团有限公司;张家港市德亿洲过滤器材有限公司;张家港新宇纺织印染有限公司
江苏省苏州市张家港市杨舍镇张家港斯特尔涂装设备有限公司;张家港斯特尔涂装设备有限公司;华机物流服务中心;张家港孚冈汽车部件有限公司;新中环保(振兴路);海力电路板公司;龙诚车业(张家港)有限公司;国锋纺织;神龙钢业;斜桥工业集团
江苏省苏州市张家港市杨舍镇振兴路34号;张家港斯特尔涂装设备有限公司;华机物流服务中心;张家港孚冈汽车部件有限公司;新中环保(振兴路);龙诚车业(张家港)有限公司;海力电路板公司;国锋纺织;神龙钢业;斜桥工业集团
江苏省苏州市张家港市杨舍镇振兴路32号振兴花园(中兴路);张家港斯特尔涂装设备有限公司;龙诚车业(张家港)有限公司;华机物流服务中心;张家港孚冈汽车部件有限公司;张家港市新鑫模塑有限公司;神龙钢业;新中环保(振兴路);海力电路板公司;斜桥工业集团
江苏省苏州市张家港市杨舍镇振兴路30号国泰科技工业园;龙诚车业(张家港)有限公司;张家港市新鑫模塑有限公司;张家港斯特尔涂装设备有限公司;华机物流服务中心;神龙钢业
江苏省苏州市张家港市杨舍镇北城之星国泰科技工业园;龙诚车业(张家港)有限公司;张家港市新鑫模塑有限公司
江苏省苏州市张家港市杨舍镇北城之星蒋巷花苑;张家港市新鑫模塑有限公司;龙诚车业(张家港)有限公司;神龙钢业
江苏省苏州市张家港市杨舍镇中房路5号;张家港孚冈汽车部件有限公司;张家港新宇纺织印染有限公司;国锋纺织;海力电路板公司;江苏怡成屏障科技有限公司;张家港市德亿洲过滤器材有限公司;新中环保(振兴路);张家港市易华塑料有限公司;张家港斯特尔涂装设备有限公司;江苏优成控股集团有限公司;斜桥工业集团
江苏省苏州市张家港市杨舍镇中兴路18号;大平金属制品;同心纺织;张家港市易华塑料有限公司
江苏省苏州市张家港市杨舍镇中兴路18号;张家港市易华塑料有限公司;大平金属制品;江苏怡成屏障科技有限公司;同心纺织
江苏省苏州市张家港市杨舍镇中兴路14号;江苏怡成屏障科技有限公司;张家港新宇纺织印染有限公司;张家港市易华塑料有限公司;张家港市德亿洲过滤器材有限公司
江苏省苏州市张家港市杨舍镇江苏怡成屏障科技有限公司;江苏怡成屏障科技有限公司;张家港新宇纺织印染有限公司;张家港市易华塑料有限公司;好年华食品有限公司;海力电路板公司;斜桥工业集团
江苏省苏州市张家港市杨舍镇江苏怡成屏障科技有限公司;江苏怡成屏障科技有限公司;张家港新宇纺织印染有限公司;好年华食品有限公司;张家港市浩然纺织有限公司(长兴路)
江苏省苏州市张家港市杨舍镇中兴路12号;张家港新宇纺织印染有限公司;江苏怡成屏障科技有限公司;海力电路板公司;张家港孚冈汽车部件有限公司;好年华食品有限公司;神龙钢业;国锋纺织;斜桥工业集团
江苏省苏州市张家港市杨舍镇中兴路3号;张家港新宇纺织印染有限公司;海力电路板公司;张家港孚冈汽车部件有限公司;神龙钢业;国锋纺织;江苏怡成屏障科技有限公司;张家港斯特尔涂装设备有限公司;新中环保(振兴路);斜桥工业集团
江苏省苏州市张家港市杨舍镇斜桥工业集团;张家港新宇纺织印染有限公司;海力电路板公司;神龙钢业;张家港孚冈汽车部件有限公司;江苏怡成屏障科技有限公司;斜桥工业集团
江苏省苏州市张家港市杨舍镇中兴路8号;张家港新宇纺织印染有限公司;神龙钢业;海力电路板公司;张家港孚冈汽车部件有限公司;斜桥工业集团
江苏省苏州市张家港市杨舍镇中兴路8-9号;神龙钢业;张家港新宇纺织印染有限公司;海力电路板公司;斜桥工业集团
江苏省苏州市张家港市杨舍镇中兴路8-8号;神龙钢业;张家港新宇纺织印染有限公司;斜桥工业集团
江苏省苏州市张家港市杨舍镇长兴路5号;江苏金陵体育器材股份有限公司(长兴路);好年华食品有限公司;斜桥工业集团
江苏省苏州市张家港市杨舍镇长兴路9号;张家港市浩然纺织有限公司(长兴路);梁丰包装金纺纱业;好年华食品有限公司
江苏省苏州市张家港市杨舍镇长兴路11号;张家港市浩然纺织有限公司(长兴路);梁丰包装金纺纱业
江苏省苏州市张家港市杨舍镇港城大道;中国易华制造三厂;国泰华丰纺织;梁丰包装金纺纱业
江苏省苏州市张家港市杨舍镇长兴路88号;中国易华制造三厂;梁丰包装金纺纱业
江苏省苏州市张家港市杨舍镇港城大道603号;国泰华丰纺织;中国易华制造三厂
江苏省苏州市张家港市杨舍镇港城大道;国泰华丰纺织;张家港贝尔机械有限公司
江苏省苏州市张家港市杨舍镇张家港市天顺箱柜有限公司;张家港市天顺箱柜有限公司;梁丰包装金纺纱业;张家港市浩然纺织有限公司(长兴路)
江苏省苏州市张家港市杨舍镇梁丰包装金纺纱业;梁丰包装金纺纱业;张家港市浩然纺织有限公司(长兴路);中国易华制造三厂;张家港市天顺箱柜有限公司
江苏省苏州市张家港市杨舍镇梁丰包装金纺纱业;梁丰包装金纺纱业;张家港市浩然纺织有限公司(长兴路);张家港市天顺箱柜有限公司;中国易华制造三厂
江苏省苏州市张家港市杨舍镇张家港市天顺箱柜有限公司;张家港市天顺箱柜有限公司;张家港市浩然纺织有限公司(长兴路);梁丰包装金纺纱业
江苏省苏州市张家港市杨舍镇长兴路10号;张家港市浩然纺织有限公司(长兴路);梁丰包装金纺纱业;张家港市天顺箱柜有限公司
江苏省苏州市张家港市杨舍镇长兴路10号;张家港市天顺箱柜有限公司;张家港市浩然纺织有限公司(长兴路)
江苏省苏州市张家港市杨舍镇张家港市天顺箱柜有限公司;张家港市天顺箱柜有限公司
江苏省苏州市张家港市杨舍镇长兴路10号;张家港市浩然纺织有限公司(长兴路);张家港市天顺箱柜有限公司;张家港毅立迪斯环境技术有限公司;好年华食品有限公司
江苏省苏州市张家港市杨舍镇长兴路8号;张家港市浩然纺织有限公司(长兴路);好年华食品有限公司;江苏金陵体育器材股份有限公司(长兴路);张家港市天顺箱柜有限公司;梁丰包装金纺纱业;张家港毅立迪斯环境技术有限公司
江苏省苏州市张家港市杨舍镇长兴路6号;张家港毅立迪斯环境技术有限公司;张家港市天顺箱柜有限公司;江苏金陵体育器材股份有限公司(长兴路)
江苏省苏州市张家港市杨舍镇长兴路8号;好年华食品有限公司;江苏金陵体育器材股份有限公司(长兴路);张家港市浩然纺织有限公司(长兴路);张家港毅立迪斯环境技术有限公司;张家港市天顺箱柜有限公司
江苏省苏州市张家港市杨舍镇长兴路6号;江苏金陵体育器材股份有限公司(长兴路);好年华食品有限公司;张家港毅立迪斯环境技术有限公司;张家港市浩然纺织有限公司(长兴路)
江苏省苏州市张家港市杨舍镇张家港毅立迪斯环境技术有限公司;张家港毅立迪斯环境技术有限公司;江苏金陵体育器材股份有限公司(长兴路)
江苏省苏州市张家港市杨舍镇长兴路6号;江苏金陵体育器材股份有限公司(长兴路);张家港毅立迪斯环境技术有限公司;好年华食品有限公司
江苏省苏州市张家港市杨舍镇长兴路6号;江苏金陵体育器材股份有限公司(长兴路);好年华食品有限公司;张家港毅立迪斯环境技术有限公司
江苏省苏州市张家港市杨舍镇张家港毅立迪斯环境技术有限公司;张家港毅立迪斯环境技术有限公司;江苏金陵体育器材股份有限公司(长兴路)
江苏省苏州市张家港市杨舍镇振兴路888号;江苏金陵体育器材股份有限公司(长兴路);张家港毅立迪斯环境技术有限公司;好年华食品有限公司
江苏省苏州市张家港市杨舍镇江苏金陵体育器材股份有限公司(长兴路);江苏金陵体育器材股份有限公司(长兴路);张家港毅立迪斯环境技术有限公司;好年华食品有限公司
江苏省苏州市张家港市杨舍镇振兴路888号;张家港毅立迪斯环境技术有限公司;江苏金陵体育器材股份有限公司(长兴路)
江苏省苏州市张家港市杨舍镇振兴路888号;江苏金陵体育器材股份有限公司(长兴路);张家港毅立迪斯环境技术有限公司
江苏省苏州市张家港市杨舍镇江苏金陵体育器材股份有限公司(长兴路);江苏金陵体育器材股份有限公司(长兴路);张家港毅立迪斯环境技术有限公司;好年华食品有限公司
江苏省苏州市张家港市杨舍镇长安北路491号;张家港毅立迪斯环境技术有限公司;江苏金陵体育器材股份有限公司(长兴路)
江苏省苏州市张家港市杨舍镇长安北路451号;江苏金陵体育器材股份有限公司(长兴路);张家港毅立迪斯环境技术有限公司
江苏省苏州市张家港市杨舍镇振兴路888号;张家港毅立迪斯环境技术有限公司;江苏金陵体育器材股份有限公司(长兴路)
江苏省苏州市张家港市杨舍镇长安北路491号;张家港毅立迪斯环境技术有限公司;江苏金陵体育器材股份有限公司(长兴路)
江苏省苏州市张家港市杨舍镇长安北路491号;张家港毅立迪斯环境技术有限公司
江苏省苏州市张家港市杨舍镇北二环路
江苏省苏州市张家港市杨舍镇北二环路
江苏省苏州市张家港市杨舍镇港城大道;张家港贝尔机械有限公司;德丰集团
江苏省苏州市张家港市杨舍镇港城大道;张家港贝尔机械有限公司;德丰集团
江苏省苏州市张家港市杨舍镇北二环路124号;张家港贝尔机械有限公司
江苏省苏州市张家港市杨舍镇北二环路124号;张家港贝尔机械有限公司
江苏省苏州市张家港市杨舍镇北二环路108号;博阳纺织
江苏省苏州市张家港市杨舍镇北二环路108号;博阳纺织
江苏省苏州市张家港市杨舍镇北二环路102号;博阳纺织;张家港柏硕纺织有限公司
江苏省苏州市张家港市杨舍镇北二环路102号;博阳纺织;张家港柏硕纺织有限公司
江苏省苏州市张家港市杨舍镇北二环路96号;博阳纺织;张家港柏硕纺织有限公司
江苏省苏州市张家港市杨舍镇张家港柏硕纺织有限公司;博阳纺织;张家港柏硕纺织有限公司;张家港市利源工具有限公司
江苏省苏州市张家港市杨舍镇北二环路92号;博阳纺织;张家港柏硕纺织有限公司;张家港市利源工具有限公司
江苏省苏州市张家港市杨舍镇张家港柏硕纺织有限公司;张家港柏硕纺织有限公司;博阳纺织;张家港市利源工具有限公司
江苏省苏州市张家港市杨舍镇张家港柏硕纺织有限公司;张家港柏硕纺织有限公司;博阳纺织;张家港市利源工具有限公司
江苏省苏州市张家港市杨舍镇张家港柏硕纺织有限公司;张家港柏硕纺织有限公司;张家港市利源工具有限公司;博阳纺织
江苏省苏州市张家港市杨舍镇张家港柏硕纺织有限公司;张家港柏硕纺织有限公司;张家港市利源工具有限公司;博阳纺织;张家港诚信皮件有限公司
江苏省苏州市张家港市杨舍镇张家港市利源工具有限公司;张家港市利源工具有限公司;张家港柏硕纺织有限公司;张家港诚信皮件有限公司
江苏省苏州市张家港市杨舍镇张家港市利源工具有限公司;张家港诚信皮件有限公司;张家港市利源工具有限公司;张家港柏硕纺织有限公司
江苏省苏州市张家港市杨舍镇张家港市利源工具有限公司;张家港市利源工具有限公司;张家港诚信皮件有限公司;张家港柏硕纺织有限公司
江苏省苏州市张家港市杨舍镇张家港诚信皮件有限公司;张家港诚信皮件有限公司;张家港市利源工具有限公司;张家港柏硕纺织有限公司
江苏省苏州市张家港市杨舍镇张家港诚信皮件有限公司;张家港诚信皮件有限公司;张家港市利源工具有限公司
